income,age,score
-0.00795332091980142,1.3375154613711986,-0.1234120502683948
-0.32779584562589587,0.7292271215571172,0.2242990947112285
0.10293571552612987,1.0057218214726087,-0.08033915816623087
1.2105531909413878,0.508031361624724,-0.46565455374838355
-0.3607670716731367,-1.0956378978851269,0.8661209028378928
-0.3607616927492674,1.6693091012697883,-0.9551755942405841
1.320295536393068,-1.5380294177499132,1.733975291327454
0.20360114241173674,1.5587112213035919,0.7675121578534331
-0.4294645115470942,-1.3721325978006182,-1.653171153459836
0.023968161031514154,-1.2062357778513235,-0.18962472059745503
-0.42789150559390315,-1.3721325978006182,0.881376433833669
-0.4284931039054964,-1.2062357778513235,-1.2765595353929284
-0.16097810132754925,0.4527324216416257,-1.2276621872784914
-0.6272782804157262,0.01034090177683925,-1.1125037803046847
-0.614611084365714,0.06563984175993755,0.6880458926522661
-0.45241490689791636,0.5633303016078223,-1.0966627509530877
-0.5380083005025295,1.061020761455707,0.14572353351113732
-0.12144220815581766,-1.0403389579020286,0.7230217960265063
-0.5213914046978041,-1.2615347178344218,0.9924909721574415
-0.2632124004718285,-1.2615347178344218,-0.5960215056561059
1.1046569007613156,1.061020761455707,1.632696176087949
-0.35801100164746924,-0.15555591817245565,-1.3101367923523315
-0.2454001414525685,1.7246080412528866,-0.022415008270240996
-0.5887811212682621,-0.597947438037242,0.19626487346627258
-0.4481517229566669,1.7246080412528866,-0.7378552908058633
-0.22575356944644562,0.8951239415064121,2.3710643840456824
-0.5574142961017933,1.5587112213035919,0.9210745692973445
-0.0855100032890802,-1.31683365781752,0.2373945765077773
-0.461293578256453,-1.0956378978851269,1.5179509526149266
-0.3790866478073452,-0.597947438037242,-0.39084946785657443
-0.4615359727719786,-0.8191431979696353,-0.4243680707163216
1.9509957203246118,-1.4827304777668149,0.9397951109433703
-0.2798781272799585,-1.3721325978006182,0.7862931925922623
-0.5446083018526796,1.5034122813204935,0.6497577587383416
0.2541388544193788,-0.48734955807104546,0.10332466575246665
-0.5662509187757765,-0.26615379813865225,-1.0073076803253798
-0.17814908281097308,-1.5380294177499132,1.262713104673885
-0.630048605728331,0.5633303016078223,-0.3172658559896414
-0.578682720904868,1.6140101612866902,0.12894082820680572
-0.18423660175697257,0.6186292415909206,0.6409298158900717
0.1781324105477601,-0.9297410779358319,-0.09351956866320628
-0.1969265845002025,-1.0956378978851269,-0.36048306060670277
-0.3195476667911538,-0.7085453180034387,-0.39424624341780123
-0.38198354757027053,1.2822165213881003,1.2855666616258328
-0.5939961301303688,-1.0403389579020286,1.1930329866491889
-0.48681373421081564,-0.4320506180879472,-0.22230828302253156
-0.4271665870057433,-1.0403389579020286,-0.3228291409442095
0.5033198392857391,-0.9850400179189303,-1.0568749614630664
-0.10454338404052133,-0.32145273812175057,0.03231358683665327
-0.6173708631610314,0.7845260615402155,-1.0410601422894818
-0.11583780534865035,1.1163197014388053,-1.152288230492749
-0.40666449597677257,1.5034122813204935,0.23502825932415114
-0.4779731586918771,-0.6532463780203404,1.1187895195667021
0.07494523292665667,1.3375154613711986,0.7397309264761305
0.4725921839061136,0.8398250015233139,-1.2224450114507133
0.36240469586848933,0.28683560169233074,1.636630296611461
-0.5094960924687433,0.7845260615402155,0.09817500995613158
-0.3844580733829852,-1.2615347178344218,-0.5261931668006151
-0.11171237947317493,-0.10025697818935736,1.4449762455475066
0.4099630611155906,1.3375154613711986,-0.46828376420386636
-0.4319639327459546,1.226917581405002,0.44246603166521203
-0.3444875324764823,1.3375154613711986,-0.4950379113238405
-0.5514324169694895,0.06563984175993755,1.1530449300679235
-0.5632043391094593,1.1163197014388053,-0.7783397691372996
0.2447426976462407,0.7292271215571172,-1.0885343222321733
0.9188323694392804,-0.7085453180034387,0.34877808122479614
-0.3030955999137117,-1.3721325978006182,2.220316944449808
0.44113780464617014,-0.7085453180034387,-0.25637779561651547
-0.0939284039571556,-0.6532463780203404,-0.3437226660713891
-0.47117380795502734,-0.48734955807104546,0.22988030759613592
-0.09407130755368778,0.34213454167542906,-0.0025272892734030214
1.239265013990701,0.06563984175993755,0.4259940619185342
-0.2888986841414608,1.392814401354297,0.6106050004094539
1.2912427910641564,0.5633303016078223,-1.260698147118387
-0.6582396244062622,1.5587112213035919,0.5773850885282252
0.25353355945985945,-1.5380294177499132,0.8930955986464758
-0.23666849605657467,-0.15555591817245565,0.7340806716208707
-0.3813405349778635,-1.1509368378682252,-0.09508337982635894
-0.2632124004718285,1.1163197014388053,-0.3594783930673622
-0.631653832783287,0.23153666170923246,0.7414105270638705
-0.35598804867590156,1.6693091012697883,0.8547500775197842
-0.09661136182341241,-0.10025697818935736,-0.11783718925942664
1.1267482661914061,1.2822165213881003,-0.9841588249176522
-0.441795811845946,-0.8744421379527336,-0.6980937047847172
-0.5039143877153784,0.12093878174303586,0.8962961222455953
-0.43768991080583375,-1.31683365781752,-0.7082514695936659
0.34585189750120826,-1.0403389579020286,-0.18400682574678892
-0.11315936698102147,1.0057218214726087,-0.39837708174909936
-0.44461298816189576,-0.04495803820625905,0.13305752794209558
0.003403919280044329,-0.5426484980541438,2.3715548108033793
-0.2321146870520858,0.01034090177683925,1.9073150001737234
0.40241034531378095,1.5034122813204935,-0.6794079996919903
-0.4831953316628265,1.6693091012697883,-0.8616094889785249
-0.3900141811674787,-0.3767516781048489,1.6192845313524125
-0.4086369436304398,-0.597947438037242,0.30555955317861155
-0.5925688374124922,0.34213454167542906,-1.7784422122556836
-0.1316267600976041,-1.4827304777668149,0.17693582678764497
-0.15081143128723803,-0.15555591817245565,0.5356062494633886
-0.2722042101810226,0.7292271215571172,2.379184792268425
-0.3609091512056855,1.7246080412528866,-0.8087839050975393
-0.5878426279980017,-0.597947438037242,-0.16056241193238222
-0.41650753803048773,1.6140101612866902,-0.06887748875805227
-0.2632124004718285,-0.3767516781048489,-0.666031755102473
-0.5027640386597623,1.061020761455707,-1.3430748276061715
-0.336002462034338,1.0057218214726087,1.4736891424839016
-0.06817194410804626,1.1163197014388053,-0.15024904555455182
2.042025939072291,0.06563984175993755,-1.4562345008520843
-0.19534667517773,0.5633303016078223,0.3256244848257029
-0.15269229106316945,0.28683560169233074,1.0128203594191683
-0.30403296170375,1.5034122813204935,-1.037298144873921
-0.6276129369732933,1.226917581405002,0.5903717766365632
-0.2851611574516484,0.17623772172613417,0.9031911220909988
-0.2486213287017218,0.28683560169233074,-1.1109453056925758
-0.2632124004718285,-1.5933283577330115,-1.02243633387482
-0.3467846729450728,-0.8744421379527336,-1.276721518731191
-0.2632124004718285,0.17623772172613417,-0.06632661803961937
-0.2884532923469854,0.28683560169233074,-1.1644882649600912
-0.5597102134509809,-1.3721325978006182,0.13159448335037663
0.6099543472920118,0.4527324216416257,-1.2394938947090028
0.18988035079475413,0.6186292415909206,2.081256579710265
0.224900018724391,1.1163197014388053,-0.3365043735058521
-0.5216189353414921,1.1163197014388053,-1.1738838172182342
0.9954245832791438,1.5034122813204935,0.9203565378101469
-0.5864739955637809,1.2822165213881003,-0.720542927018556
0.056232977816443076,1.6693091012697883,-1.456178291836
-0.2632124004718285,-1.0403389579020286,-0.8600723481330831
-0.5346178622264737,-1.5380294177499132,0.6738697353847178
-0.4533593292595126,0.7845260615402155,-1.579711404685314
-0.23093879951590116,-0.7085453180034387,-0.6289388190809742
-0.43812040082741127,0.508031361624724,-0.9399466682182888
-0.6005661820388336,-0.5426484980541438,0.04766618914944363
-0.2449415089849942,-0.8744421379527336,0.3816230604558998
-0.5452671574181378,0.12093878174303586,-0.015118056058857415
-0.023505753514755548,0.23153666170923246,1.7694353504802107
-0.5232844323799003,-0.26615379813865225,-0.9382404541459429
1.2623369523884505,-1.2615347178344218,0.15286190040046965
-0.4991988431937279,0.28683560169233074,-0.8985064827322117
-0.3883383863095355,0.9504228814895104,-1.7784422122556836
0.24566826188193924,-0.04495803820625905,-0.8950061640932029
-0.5674687465577791,-0.4320506180879472,0.8935961000436919
-0.1685716469808796,0.6186292415909206,-0.5539446292415612
0.8418278352072364,0.7292271215571172,-0.8084058869623506
-0.6054173284954527,-0.9297410779358319,-0.4818598528381165
-0.19036357101426085,-0.9297410779358319,-0.8961016453106333
-0.2632124004718285,-1.5933283577330115,0.4672759553886092
0.21652804772484277,1.3375154613711986,-0.7475044373452973
-0.5682025007816806,0.34213454167542906,-0.42049224951328085
-0.5778314407606623,-1.4274315377837166,-1.4921703191495386
0.00943075377438285,0.3974334816585274,-1.6266336514875883
-0.13114528589326022,0.7845260615402155,1.8530318642073218
-0.15645970668883386,0.5633303016078223,2.7043986448383506
-0.10288879782215725,1.7246080412528866,0.05622225191160951
-0.478625019355654,1.2822165213881003,-1.4044303809680934
-0.1660737670692583,1.6140101612866902,0.2520435962001541
-0.1333210894064043,1.6693091012697883,-0.5520323693374949
-0.4857034580344548,0.8951239415064121,-0.9553472678958816
1.9868592338592923,-0.9297410779358319,-0.014694039210530533
-0.023345835497015306,1.392814401354297,0.05247141112221389
-0.5625890185802203,0.4527324216416257,0.22903060491117871
0.10998208278488188,-0.32145273812175057,1.914556258688404
-0.5321603892520256,-0.597947438037242,-0.872313092524427
0.22130204564673245,-1.5933283577330115,-1.066678514999376
-0.2632124004718285,0.4527324216416257,0.5402234031111802
-0.506149290540981,-1.3721325978006182,-0.16114522322726188
0.39667817089010005,-0.763844257986537,-0.530688596155325
-0.2632124004718285,1.5587112213035919,0.4133582240572447
0.25368207109708035,-0.32145273812175057,0.2917966055362135
2.071141853912557,1.4481133413373952,1.2245457116608276
-0.3644272590752252,-0.15555591817245565,-0.2728018188030035
-0.49353115541147224,-1.5933283577330115,-1.1827815354618694
-0.5182714890158582,0.23153666170923246,-0.045082290612820465
-0.5052592292672792,0.34213454167542906,0.021442151988252594
-0.3050523869402919,-1.4274315377837166,-1.4305758068683003
-0.10598156540865525,-1.6486272977161098,-0.3430033191890631
-0.1423400134814017,0.508031361624724,0.6244628766862624
0.25852078683173463,-1.0403389579020286,0.5983528426645085
-0.2689081528120011,1.392814401354297,0.32968757774872315
1.0830657097594618,0.28683560169233074,-0.986340708370468
-0.3706098959887502,0.7845260615402155,-0.19659324383646157
-0.2632124004718285,-0.4320506180879472,1.4651079420049886
-0.2632124004718285,0.8951239415064121,-0.28814022476567064
-0.2632124004718285,0.01034090177683925,-0.729322273972459
-0.546491165920644,-1.0956378978851269,0.8121970032175797
-0.01757527745316871,-1.1509368378682252,0.4976208643026263
-0.35724577428205206,-1.5380294177499132,0.04366929312456482
0.15718918260233303,1.2822165213881003,-0.06412121582920594
-0.023741617504815907,-0.9297410779358319,1.6371580109886403
-0.3034109484287342,-0.8191431979696353,0.1680949853566061
-0.5108463249731806,-1.1509368378682252,-0.1091902620257067
-0.5973635673624887,-0.10025697818935736,-0.37033142640825717
-0.42345090195164053,-1.1509368378682252,-0.9088246388076322
0.28659345624219895,-1.0403389579020286,-0.3931884427257198
-0.17547344293351516,-0.04495803820625905,-0.32015806615915976
-0.5692541107618962,0.5633303016078223,0.4935959537792228
-0.19603492360778935,-1.6486272977161098,-0.9721146477349318
-0.07968267637146989,-1.4274315377837166,-1.2658151820848205
-0.5173063885638803,-0.597947438037242,0.8979192840480109
-0.2055215588824908,-1.2615347178344218,0.3782379302816764
-0.2495094243720694,0.6739281815740189,-0.5440563337321301
-0.5563591946055111,-1.0403389579020286,0.0035712048423377865
-0.0962118997802391,-1.6486272977161098,0.26088382449533276
0.03706958572436434,1.4481133413373952,0.7976352129695436
0.5346238551849227,1.2822165213881003,1.4022012496180631
0.499369708049009,-0.597947438037242,-1.221047089057352
-0.5839793939509608,-0.15555591817245565,0.2068250428065904
-0.5262947719285664,1.4481133413373952,1.217829371246131
0.0046279821663684165,0.6739281815740189,0.14843203655418472
-0.2632124004718285,0.34213454167542906,-0.7858963063320831
0.004636588908236845,0.8951239415064121,0.6663124661814634
-0.2632124004718285,0.34213454167542906,0.11470028787556953
0.044438265001457505,-1.0403389579020286,2.996457670520577
0.600566125314528,0.34213454167542906,0.4961636552949018
0.38655385056731,1.0057218214726087,-1.325224342828947
0.10587120811935058,1.0057218214726087,-0.2746971196950176
-0.3862934003351407,1.392814401354297,-0.03559698617667754
0.19608183509060798,0.7292271215571172,0.48788702206048185
-0.49721559462408127,1.392814401354297,-0.024095192169484397
-0.3616391067566737,-0.15555591817245565,1.4773751587299968
-0.43354614696248495,0.8951239415064121,-0.3667775580121936
-0.23899919853202278,-0.8744421379527336,2.581027843569669
-0.2632124004718285,-1.3721325978006182,-0.7496985597316548
-0.6244004029718457,0.7292271215571172,-0.48293703882724065
0.1340548510893858,1.5587112213035919,-0.4245294819130956
-0.2632124004718285,1.6693091012697883,-0.850879605695264
-0.4301000405566508,-0.597947438037242,-1.3254451031270371
-0.2632124004718285,1.061020761455707,2.686109080148822
-0.2468367283218765,-0.9297410779358319,-0.023327687848129584
-0.5474601895332001,-1.5933283577330115,0.9643935223904516
-0.4858963851229269,-1.2062357778513235,-0.4908529205885815
-0.2632124004718285,0.34213454167542906,-0.36590534174733574
-0.48892371044867927,-0.597947438037242,-0.8423953253443616
-0.17425903333761664,-0.26615379813865225,-0.4876104887353198
-0.2550206404255871,-0.10025697818935736,1.974087649454588
-0.47257696211688055,-1.6486272977161098,-0.9634179150721754
2.8448395856534314,1.3375154613711986,-1.083844655649948
-0.2632124004718285,0.23153666170923246,-0.6337591293036415
-0.6337461572323423,-1.3721325978006182,2.715044360427228
-0.18945610545796596,0.34213454167542906,0.05936949697852723
-0.474764125850194,1.226917581405002,0.9777923958190976
0.28273484467239945,1.5587112213035919,1.6810362577133728
-0.5009440854251526,-1.4274315377837166,-0.2943835475389641
-0.31921118562522816,0.12093878174303586,-0.43353010670273384
-0.0023006116201625677,1.0057218214726087,1.149605129949194
0.2957586239913579,1.1163197014388053,-0.3834404218340291
-0.5637152858324426,-0.9297410779358319,1.4252439556886323
-0.3920478547143327,-1.0403389579020286,-0.4642498122651474
-0.43087721908681664,0.6186292415909206,-0.4909099324505018
-0.47294975994044386,-0.597947438037242,-0.12229785552864561
-0.2632124004718285,1.226917581405002,0.2374874414335241
-0.06759434047386016,1.061020761455707,-0.48609252605157255
-0.5710448870191497,-0.3767516781048489,-1.2350405754165985
0.34839909369145444,1.5587112213035919,1.132366662451954
2.7686904828304915,0.6739281815740189,-1.4661181630201097
-0.2632124004718285,1.7246080412528866,0.15101012806117248
-0.5977743379095813,0.17623772172613417,-1.7784422122556836
-0.4332581418102483,-0.32145273812175057,0.8941362152266468
0.7814865681171503,1.061020761455707,0.6357038035635931
-0.4843445647626139,-0.10025697818935736,1.0287476930141815
-0.04300964185393849,1.4481133413373952,-0.5513703346387285
0.210046065351958,0.4527324216416257,0.8927901712147955
-0.5245191326858145,0.01034090177683925,-0.892616371038759
-0.2982551055536529,1.392814401354297,0.12852351879908916
-0.6721965848305088,0.8951239415064121,-0.40758922106052686
-0.539736214688147,0.6739281815740189,-0.2850628246681471
-0.3667450099946392,1.061020761455707,-0.42747257064966543
-0.5694974287959153,-0.4320506180879472,-0.5394849058825137
1.430048155674658,0.7292271215571172,0.925707743953608
-0.5893168982722536,0.3974334816585274,0.0224999121475312
-0.4217310486178223,-0.597947438037242,0.8984945870169266
-0.2164935430923134,-0.4320506180879472,0.44788006540359265
1.0614788428902233,1.7246080412528866,-0.7982109241429994
-0.5898820689727047,0.7845260615402155,-1.1624825243654504
0.636634367239131,1.1716186414219036,-1.6024704845170816
-0.27006802743072345,-0.8191431979696353,0.7949293189553551
-0.5332233501012569,1.061020761455707,-0.2445674274920401
-0.031100894270477603,0.6186292415909206,0.832314093769429
-0.18312701616431656,1.6140101612866902,-0.5952799253033071
-0.4611977648420191,1.3375154613711986,-1.086485299710322
-0.24439168381271334,-1.2615347178344218,-1.2351772412496624
-0.4067296567524691,1.061020761455707,-0.5299627236826835
-0.2245515758432737,-0.5426484980541438,-0.7126608393301163
0.11444710954129998,-1.6486272977161098,-0.18165245092474014
1.334009251994896,1.3375154613711986,0.44202607852781506
-0.5683063946846895,-1.2615347178344218,-0.19907481110940695
2.8064990406125045,-0.10025697818935736,-0.2988310529384539
-0.6296045422743265,0.06563984175993755,1.6453643652064993
-0.3326385855642099,0.3974334816585274,1.1158734252257172
0.05732100900125985,-1.4274315377837166,1.466588833293464
-0.13998634652199304,0.8951239415064121,0.7188455885776992
-0.4662487100449847,-0.48734955807104546,-0.858839445563586
-0.3521266421723709,0.8951239415064121,-1.2695325489050986
-0.4354850932090429,0.17623772172613417,-0.15722786532892546
-0.4587187939277508,-1.6486272977161098,1.3091514991576763
0.27998924091143346,1.3375154613711986,1.6427502994196959
-0.0966688124264805,1.3375154613711986,1.2517008016080216
-0.4813105081492867,-0.26615379813865225,0.3262419395931196
0.32963697103752343,0.6739281815740189,-1.7784422122556836
-0.12536761949383463,-1.1509368378682252,-0.7884895489456992
0.24505656045642282,-0.04495803820625905,-1.466425685466395
0.08877284253791953,1.061020761455707,0.7174805655522556
-0.5076579428540888,-0.7085453180034387,2.049177575028172
-0.4519172988382746,-0.763844257986537,0.9334427873907255
0.1858151051831359,-0.26615379813865225,0.8820449029292413
0.07394894675361201,-1.2615347178344218,1.6979725703392947
-0.2828917475234394,0.8951239415064121,-0.5535793555530872
-0.22278095347572777,0.508031361624724,-1.6015669174100502
0.7973785709099452,1.0057218214726087,-0.08830304478068428
-0.4592250404196624,-1.0403389579020286,-0.6885376485380608
0.02720772561443663,-0.21085485815555396,1.668926146776539
-0.3501267977708412,-1.2615347178344218,1.7075441752329272
-0.3553256772524573,-0.32145273812175057,1.7117481005246875
0.5540085499936459,0.8398250015233139,1.015888329042618
0.25684916299271643,-1.4827304777668149,-0.9108844480563643
0.2456611804497149,0.12093878174303586,-0.3073241471461071
0.8392837467347646,-1.6486272977161098,0.4765119923840407
-0.26553799448740123,-0.6532463780203404,0.6694404298676782
0.13052000845351439,0.01034090177683925,-0.525003802138742
-0.2632124004718285,-0.8191431979696353,0.12142023685186915
-0.11579063458149998,-0.9297410779358319,-0.5165467818255483
-0.32485542771519044,1.226917581405002,-0.6120817970126528
-0.23215191066199084,0.9504228814895104,-0.40446970608869165
0.06243903739415401,-1.4274315377837166,-1.178073049499511
-0.5057001217247306,0.5633303016078223,0.22230333963018017
2.667293578722013,-0.26615379813865225,-0.7389935163978434
-0.5369801231931616,1.7246080412528866,-1.25755754882612
-0.5654353514389291,-0.15555591817245565,0.6003374946673443
0.629956054003754,-1.5933283577330115,-0.8757386394676228
0.22547625685653966,1.061020761455707,-1.5831499734832444
0.08450319113600464,-1.3721325978006182,2.081743567362809
0.0877761206168039,-1.2062357778513235,1.2517436857099518
-0.279366980238113,0.12093878174303586,-0.3392591905910437
-0.2632124004718285,0.5633303016078223,-1.4813136512874487
-0.24171856638957984,-0.32145273812175057,1.2186000872638072
-0.4780235925125621,0.9504228814895104,-1.2275844981155604
0.40949592695438763,-0.9850400179189303,0.6984647852798604
-0.33095270108473307,-1.2062357778513235,-0.5355064422776434
-0.507024660182108,1.226917581405002,-1.664418531092414
-0.3881355788959768,-0.9850400179189303,1.9562710448129002
-0.06263948591793937,0.01034090177683925,-1.455682568761078
-0.4527537686746945,0.5633303016078223,-1.3015568298122107
-0.5064293791609094,-1.0956378978851269,0.008419872707400211
-0.1600675581438688,-1.4827304777668149,0.7060967964487411
-0.1593912080382827,0.17623772172613417,-1.4486379217290144
-0.43898672166829894,1.6693091012697883,0.19641624630816537
-0.4298691375862224,0.3974334816585274,-1.0764068164619032
-0.1661801837823418,0.8398250015233139,-0.8653013905602694
-0.5910787538287942,-1.4827304777668149,-1.0040259259298583
-0.5870444321919436,0.3974334816585274,1.7803474146643212
-0.4865313289438698,-0.6532463780203404,2.432228802649956
-0.3539124656210747,-1.3721325978006182,-1.5045025494601005
-0.12333253153569403,0.17623772172613417,-0.2470580626167715
1.122147591926323,-0.7085453180034387,0.7293438248592701
0.2878235219360474,-0.9850400179189303,-1.2326937904912945
-0.33552740875052967,0.5633303016078223,-0.45779372233627785
-0.2821265009569581,-0.4320506180879472,1.0680382298414504
-0.5364510722590825,-0.6532463780203404,-0.64848867788893
-0.2819220685445682,0.7845260615402155,0.4909837015925658
-0.37814644426935395,-1.0956378978851269,-1.0928277136862274
-0.11661904319035213,-1.6486272977161098,0.5602426243354731
-0.5073388335987015,-0.3767516781048489,-1.0579548510153125
0.0076222143119478595,1.7246080412528866,0.23453085625766512
1.2290799549481874,1.2822165213881003,-0.25000516863146116
-0.31699824411915534,-1.31683365781752,0.6692148517490568
-0.0696210279977458,-0.32145273812175057,0.11820625782433568
0.1372552839745671,-0.5426484980541438,-0.2173608689498661
-0.4111745856531061,-0.8744421379527336,-1.322596447594155
-0.17031917503611124,-1.6486272977161098,-0.16941976309514797
-0.2690798927373983,-1.0403389579020286,0.5212120640671688
-0.23184150060317266,1.5034122813204935,0.07489859547143142
-0.49725087675253615,-1.31683365781752,0.3962038092873057
-0.26405272365638494,-0.8744421379527336,-0.9707117563775655
-0.007078981732845349,-0.5426484980541438,0.2788127542960188
1.0788361505961441,-0.6532463780203404,1.3824476400338577
0.39223275810786473,1.6140101612866902,-0.9261635171168275
2.87763212577443,-0.10025697818935736,-0.07977658692261835
-0.2632124004718285,-0.32145273812175057,-0.4196926555337246
0.3022412688569318,0.12093878174303586,-1.122753472799638
-0.19100653563512948,1.0057218214726087,-0.5582739846014673
-0.2632124004718285,0.06563984175993755,-0.7119025405552964
-0.5038783523924593,1.0057218214726087,-1.2226456769976797
-0.5095862905547169,0.23153666170923246,2.2622230702505974
-0.4610104265702894,0.7292271215571172,0.8134669663749123
-0.6388847501326498,0.3974334816585274,0.12624071902648704
-0.4436346490631521,-0.26615379813865225,1.2064533594786135
-0.4945798916259401,-1.0956378978851269,-0.5058421269855271
-0.20712747973020385,0.23153666170923246,0.7706328428469539
-0.10562968240777555,-1.2615347178344218,1.469594545436427
2.0148171059831608,0.8398250015233139,0.32954574702245415
0.38271464523177867,-0.9297410779358319,-0.5283818068974023
-0.45583890099804236,-1.1509368378682252,-0.6675842762928712
-0.5197788887621778,-1.5933283577330115,0.09087229357126386
-0.011208204241574449,0.8398250015233139,-1.0007096209797368
-0.5778067379981846,-1.2062357778513235,1.778190815160349
1.8966132625980245,-1.5380294177499132,1.3470805542508117
0.6583774616159078,-0.5426484980541438,-0.21979442564152116
-0.2632124004718285,-0.26615379813865225,-1.0095688015425501
-0.6137365536597247,-1.2615347178344218,-0.19596124609913018
0.9150315178067558,0.9504228814895104,-0.27995651213087763
-0.31913859884841933,-1.5933283577330115,0.015553319789576804
0.7393368202581578,-1.3721325978006182,1.5694667147093357
-0.604326937964387,-0.15555591817245565,-0.9909915498491735
-0.2632124004718285,1.226917581405002,0.2824994495711711
-0.2721500010125327,-0.10025697818935736,1.487733051829397
-0.2544096959604133,-0.26615379813865225,0.929608959120801
-0.4243899141372514,-0.32145273812175057,0.06411916483847153
0.08352232568886497,-1.0403389579020286,1.4966575544903329
-0.5460260946670233,-1.4274315377837166,-0.1631513287495686
-0.3292767178895107,0.17623772172613417,0.4164461919148456
-0.22139684968458714,0.9504228814895104,0.8581726551633879
0.0042147650385844695,0.34213454167542906,-0.9390831505477397
0.15517435375143665,-0.8744421379527336,-0.07105211779611961
-0.5539169490052422,0.7292271215571172,-0.7752755429467926
-0.5991006285543117,0.28683560169233074,0.7733037291874418
0.7973962904845432,-0.8744421379527336,0.19538926922132732
-0.1111062122187655,0.6739281815740189,-0.635352806635062
-0.4925055163072081,0.9504228814895104,-1.6034304278424687
1.2647135495339006,-0.4320506180879472,-0.5437130967270726
-0.22354985686594314,-1.3721325978006182,0.19527201286804072
0.658184972581434,0.8398250015233139,-0.3282382915671973
-0.24540444876905917,1.061020761455707,-0.2545172469815517
2.5627838784621195,0.7292271215571172,-1.3564279414764335
1.7071502301668908,1.5587112213035919,-0.8779392486995657
-0.3655837002047186,0.6739281815740189,0.3142823533047221
0.4056066650363857,0.7845260615402155,-0.5545287526958049
0.10110781347121366,-0.5426484980541438,-0.009067472505502326
0.9388722484667793,-0.4320506180879472,-0.6699171590118157
-0.2632124004718285,0.6739281815740189,0.12371389623715465
0.1338831992669036,1.3375154613711986,-0.05823047671863357
0.5048727702436019,-0.8191431979696353,0.09174572461989884
-0.6170647650225606,0.8951239415064121,1.5051932956173455
-0.5615728497488492,1.226917581405002,1.2316908204919133
-0.6345107026494187,1.6140101612866902,-0.6564756032640817
-0.37211578425785413,-0.8744421379527336,-0.07630265888664245
0.1601893410861811,-0.32145273812175057,-0.6548651615168376
1.1716996485472257,0.28683560169233074,-0.5191516604350866
-0.24248162697564815,-1.0956378978851269,-0.991549781471065
1.4220223087020958,1.1163197014388053,0.21040860993040778
-0.5842330274089885,-0.8744421379527336,-1.0893545991021476
-0.6130049409352025,-1.4827304777668149,-0.41651090251613043
-0.2967001824652706,-0.5426484980541438,-1.1525051626528848
-0.08044426207192362,-0.9850400179189303,-0.40844585726281823
-0.2876457922939245,-0.48734955807104546,1.0110023682995588
-0.6360094636196866,-0.6532463780203404,-0.689666970225638
-0.2632124004718285,0.17623772172613417,-0.4719143022305709
-0.5760496846012152,-0.9297410779358319,-1.4802113925099203
0.12052491491585023,1.6693091012697883,-0.38625182446366607
-0.09097121082572894,-1.4827304777668149,0.07663424633516158
-0.5266274996291588,0.9504228814895104,0.18551153221114053
-0.4407075784209412,1.226917581405002,0.8824356541339637
-0.5448241886844118,1.1716186414219036,-0.6655826931354631
-0.29948355969068746,0.8398250015233139,-0.26307088212404534
0.3877805875695002,-0.21085485815555396,1.1566902108242876
-0.5338763815811614,-0.10025697818935736,-0.3443721375104228
-0.0029457582550049917,0.8951239415064121,-1.557976419550522
-0.44473421748103426,-0.15555591817245565,-0.013748387073246679
-0.5010100732253318,0.23153666170923246,0.03487114458207696
-0.31635525470861303,-1.2615347178344218,-0.33846740509903733
-0.5413411048329053,-0.8191431979696353,-1.2437171537432543
-0.45036765031746095,0.6186292415909206,-0.3468723061686321
-0.563413387345261,0.28683560169233074,-0.06990737769483835
2.26511693588132,-0.04495803820625905,-0.44252390641809985
-0.25946501566949204,-0.7085453180034387,-0.9657685948632418
-0.48271716143652216,-1.5933283577330115,1.5898261094698396
-0.1755318269245689,1.0057218214726087,-1.1919424808691244
-0.3183209809176501,-0.9850400179189303,0.8416837410310819
-0.35641913400188313,-1.4827304777668149,0.1247376312840309
0.07684862681376811,-0.26615379813865225,-0.5304372333081488
0.19479011082608502,-0.32145273812175057,-0.3598316791407562
-0.4447935481637245,-0.04495803820625905,-0.2411205924295807
-0.45558634682904764,-1.0956378978851269,-0.7362161946214331
-0.3738960931707765,-1.31683365781752,-0.22815304827918748
-0.6469584122438409,0.01034090177683925,1.0893162850600178
-0.5973948611319261,0.7292271215571172,-0.9887649624706313
0.936015183396913,-1.1509368378682252,-0.34019787313529426
1.4568158652286922,0.4527324216416257,0.3609387628859459
-0.36560690644040933,-0.9850400179189303,2.0759555724312886
-0.2632124004718285,0.01034090177683925,-0.9136159669867598
-0.12313891508540671,-1.31683365781752,-0.3876694174818429
-0.2632124004718285,1.392814401354297,1.2419457581693742
0.5801186587834439,1.0057218214726087,-0.12951605907393404
-0.3240454886203722,0.6186292415909206,1.3820455725113054
-0.529141111051917,1.6693091012697883,-0.7242101999043126
-0.6053312457671148,0.6186292415909206,0.7632169866552466
-0.1808969503612997,1.392814401354297,0.8550141710059462
-0.4940399706156629,0.28683560169233074,-0.6402991414442831
-0.5885323329314254,-0.597947438037242,2.843837446875626
-0.4714892255964494,-1.4827304777668149,1.6360079131744738
-0.5479951688146257,1.2822165213881003,-0.7029569092524219
1.5492225940502509,-1.31683365781752,1.9165331117108124
0.31151625395110905,1.2822165213881003,-0.5219051020023964
-0.2776150101089082,-1.6486272977161098,-1.4120642095705702
1.130473292605828,0.7292271215571172,1.2939705817312899
-0.24101953391124548,1.392814401354297,-0.8729545781998693
-0.5134005040057442,0.7845260615402155,0.5977623838336119
1.2107321196665555,0.6186292415909206,-1.312098971410023
0.021372784260848963,0.8951239415064121,0.7488151665176005
-0.5416354760066261,1.5587112213035919,1.203765160787657
-0.34609314505336675,-0.9850400179189303,0.15857806159921473
-0.5158909561068619,1.3375154613711986,1.4214515795091394
-0.5845136991461815,-0.48734955807104546,2.06655571021342
0.3570565842993093,1.2822165213881003,-0.4022103406817125
2.1061980742148556,-0.5426484980541438,2.411913831639338
-0.2632124004718285,-0.48734955807104546,0.06953574634050194
-0.2632124004718285,-0.15555591817245565,-1.4762523494339417
-0.47237015965208246,-1.2062357778513235,-1.405194673676879
-0.4339947490658863,-0.26615379813865225,-0.5697873858158845
-0.4594134612375479,-1.2062357778513235,0.10850804287738662
-0.5138734913340243,-0.8744421379527336,0.7802411976249369
-0.2537403981068403,-1.1509368378682252,1.7150651337374965
-0.5080109527120954,-0.3767516781048489,-0.006971311504022408
-0.1457335015734819,1.5034122813204935,1.1997772090174068
-0.2946149262271487,1.4481133413373952,-1.1884584887360294
-0.3623341681605924,1.6693091012697883,0.2699653338358344
-0.5213144974553442,0.6186292415909206,0.9302526382373402
-0.45580812628972717,-1.2615347178344218,-1.3872519741092364
0.19292284555547015,-0.3767516781048489,1.1152988009568807
-0.005087393067294151,-0.8191431979696353,-1.0018165316877345
-0.2632124004718285,1.0057218214726087,-0.22361147801931944
-0.23108473124443626,-0.26615379813865225,-1.543292888764465
0.18940102432983238,-0.21085485815555396,-0.9997497604615057
-0.610399474582707,0.34213454167542906,-0.6333980721001725
0.024538383628309544,-1.4827304777668149,-0.17060958943476806
-0.47494292075225725,1.061020761455707,-0.2949284678934126
0.04422442534750177,-0.3767516781048489,1.8332499602365409
-0.4953780103894934,-0.6532463780203404,-0.4811202126022798
-0.6202812327774474,0.28683560169233074,-0.3158618187191642
-0.6070651612690136,1.6140101612866902,0.45279948118514884
-0.2632124004718285,0.4527324216416257,0.6015416670414815
-0.15152742617351306,-1.1509368378682252,-0.38152972685243197
-0.5207711073971057,-0.32145273812175057,-0.4161845442576788
-0.2632124004718285,-0.7085453180034387,-0.03427957307380125
-0.6097820517265856,-0.6532463780203404,-0.027255728755493522
-0.30080387646527895,0.28683560169233074,0.016150353487934702
-0.5650446613028818,-1.1509368378682252,-1.7784422122556836
-0.4726278368248529,0.12093878174303586,-0.9396596320390878
-0.25422821957392533,1.3375154613711986,-0.09539545787609123
-0.5132480483263675,1.061020761455707,-1.0675357576473334
-0.4065160605710461,-1.4274315377837166,1.3710794980380143
0.4442595138650349,0.8951239415064121,-0.4828026897251606
-0.4558361600732011,1.0057218214726087,-1.435668046381317
0.2666123180376715,0.23153666170923246,-0.20086094080585193
-0.5545963137357418,0.7292271215571172,1.043678570317467
0.014939093789640808,0.17623772172613417,-1.6114006737348798
1.0619957114890446,0.12093878174303586,-0.1898345555168092
-0.653426339922683,1.3375154613711986,-1.1357307663735028
-0.5017622906240342,-0.5426484980541438,-1.4072262541099478
0.04898237402375406,-0.763844257986537,-0.707937664356611
-0.3504151253232862,-0.48734955807104546,-1.2306641947136667
-0.08824817465221872,0.9504228814895104,-0.21066137416230465
-0.2632124004718285,0.34213454167542906,-0.98934677680549
-0.23687501351693502,-0.8744421379527336,2.0096973815638113
-0.33402053847325824,0.23153666170923246,-1.2781992936650088
0.6427679036354234,-0.15555591817245565,0.2730187369761864
-0.15436616955387256,-1.31683365781752,0.32153818851148913
-0.10804505967566946,0.06563984175993755,-0.059275765663971226
-0.41411307159889227,-1.0956378978851269,-1.0213270998762838
-0.43411704433729414,-1.1509368378682252,0.9363699180866105
-0.4197272503983764,-1.2062357778513235,-0.15104352278888308
-0.0740967828670013,-0.9297410779358319,2.6469902967334886
-0.4165997343580142,-0.9850400179189303,1.8523722156353846
-0.1351484871944207,1.6693091012697883,2.8933865064570012
2.610773690693758,1.4481133413373952,0.06732723192571348
0.3010572451452782,1.7246080412528866,0.28348115451357847
-0.38952485340580834,-0.32145273812175057,1.8084177136285156
0.6880233431084176,-1.5933283577330115,1.5697610697879374
-0.413068388477462,0.23153666170923246,-0.46136029279787094
-0.6344509878498583,-1.31683365781752,-0.31625286948047077
-0.5372930608066956,-0.5426484980541438,-1.1570052469704328
-0.6246256881031615,-0.7085453180034387,1.3475155846710236
-0.39704670140446496,-1.5380294177499132,-0.9482574591239659
-0.26662985674708617,0.6186292415909206,-0.8797900815948767
1.525398179761117,1.2822165213881003,-0.8845700007500551
-0.11420748419509516,1.6693091012697883,-0.28722846727202644
-0.35579807214426207,0.4527324216416257,1.5293750009900076
0.2606274826138869,0.5633303016078223,-1.21157572781485
-0.2632124004718285,1.0057218214726087,-0.7494984376657414
-0.16431537335210328,-1.0956378978851269,-0.45157851256494724
0.20666634956136692,0.4527324216416257,-1.1904748238410903
-0.5940021954109278,-0.3767516781048489,-0.29723118809220717
0.6111639682250704,1.6140101612866902,1.5966440435910905
-0.10752614498637614,0.8398250015233139,-0.8700531625016721
-0.41504703053820796,-0.6532463780203404,-1.2917993188346424
0.09122713072810461,-1.4827304777668149,1.007416186477256
-0.2632124004718285,-0.26615379813865225,0.6500192415567604
-0.2632124004718285,0.3974334816585274,-0.07552855944517865
-0.15766702617629236,0.6186292415909206,-0.29621010819110477
-0.42683256054628543,0.06563984175993755,0.8452510689697349
-0.511387131028255,0.4527324216416257,-1.2451564725201894
0.26151070526596165,0.7845260615402155,-1.3697795460190154
-0.5124881097733769,0.8398250015233139,-1.5124934049994756
-0.2436077075213796,0.28683560169233074,-1.4494600491291927
-0.4315746891095834,0.508031361624724,-0.2490383349251401
-0.019914079900653813,0.34213454167542906,2.790019833151473
-0.11032745168202691,0.12093878174303586,-0.6433996269937463
0.4802103991822276,0.28683560169233074,-0.3897033076722992
-0.4397520246795906,-1.5380294177499132,-1.5367423728912795
-0.37226379899493445,-1.2062357778513235,-0.6221132721302564
-0.5327968358165039,-1.2615347178344218,0.08541695665501796
-0.42286162905399766,0.12093878174303586,-1.0557548132767818
-0.0845431249055099,1.5587112213035919,-0.38949680099882517
0.19433177554797712,-1.3721325978006182,0.41347010758311264
-0.2632124004718285,0.5633303016078223,0.27880104507681597
0.29955562602931596,0.4527324216416257,0.7318950089953922
0.9178648385752,-1.4827304777668149,0.9418764216129839
-0.06232437192363735,-0.9850400179189303,-0.40141678065301295
2.0165070679389037,1.0057218214726087,2.484512093144735
-0.4973997973778881,1.6140101612866902,-0.2129198643731149
-0.2632124004718285,-1.5933283577330115,0.6614103550469967
-0.6184758031010749,1.6140101612866902,-1.0280945156143684
1.1599943546438847,-1.4274315377837166,0.2248421862442106
0.10823718694354274,0.7292271215571172,-0.5715396579476217
-0.2632124004718285,-0.21085485815555396,-1.20009558371114
-0.14054721137572104,0.06563984175993755,-0.04291894330180859
-0.5540307955594962,-0.5426484980541438,-0.3960023845355125
-0.2632124004718285,-1.2615347178344218,-0.29503790917103995
-0.21720999967317983,0.3974334816585274,-0.043368805943301066
-0.2632124004718285,-1.2615347178344218,-0.7581310822088311
0.16719716819836875,1.061020761455707,-0.16747220161142576
-0.01855608836961847,-1.5380294177499132,0.4414919794439006
-0.17042716005961586,1.2822165213881003,-0.14306850496351514
-0.5005601202784098,0.7292271215571172,-1.511602696758797
-0.02491652293910381,1.6693091012697883,-0.5632680676959855
2.0306871719585127,1.5034122813204935,-0.6208501519083138
0.9015359671206756,-1.5380294177499132,-0.4787337253394869
1.3485615954808075,-0.48734955807104546,1.4497090320832902
-0.4400500348500352,-1.3721325978006182,-0.25993435814083726
-0.5344745536988905,-1.5933283577330115,-1.194186201132899
-0.32326835733339776,-0.4320506180879472,-0.6561048414654785
-0.2505981720917325,0.7292271215571172,1.0405067090708844
0.5483247679559105,-1.5933283577330115,1.3535669062938782
-0.6121773648601269,0.3974334816585274,-0.9842046671700999
1.222975652015571,-0.763844257986537,-0.2118406860443738
-0.3348454983515467,0.23153666170923246,-0.8132590116411013
-0.2632124004718285,0.17623772172613417,-1.3959225657029413
-0.2632124004718285,-0.4320506180879472,-0.7442939262921036
-0.6092564907892312,-0.04495803820625905,0.14150098536755126
0.2547287542645032,1.1716186414219036,1.4136791833844577
-0.24282788190948518,-1.2615347178344218,0.15568576084760963
-0.5744078666115248,-0.48734955807104546,0.06551247907878456
-0.5749897349984839,0.7292271215571172,-1.1258553828565199
-0.3924279582132885,1.5034122813204935,1.716389306851164
1.5090419022015489,0.28683560169233074,-0.05662689219453644
-0.36899609024451785,-1.4274315377837166,-0.6248196769944666
-0.5962918810046094,-0.9850400179189303,-1.4703960868902617
-0.36454222949856313,-0.10025697818935736,1.0992092053058942
-0.3731630525743214,0.01034090177683925,-0.8307587101107814
-0.660478207065276,0.8951239415064121,-1.23768549493975
-0.29620915016488053,1.4481133413373952,0.04673625256640326
-0.359710797393769,1.3375154613711986,0.012614507309656057
0.14227587164095087,-0.8191431979696353,-1.196054067830002
1.942241984777491,0.6186292415909206,1.0647356964446357
0.5890167645399945,1.7246080412528866,-1.4277945642694498
-0.3719518649650638,-0.04495803820625905,0.7967963347329052
-0.5514585649036916,1.4481133413373952,0.012088914474279868
-0.2632124004718285,1.3375154613711986,-0.15267530065520546
-0.2490660535316946,-0.8191431979696353,-0.9924794689269326
-0.2685189425973321,-1.0403389579020286,0.6068611349887102
-0.28419677180827446,-0.763844257986537,2.2725932952469674
-0.18361937698756853,-0.8191431979696353,-0.9207226341815018
-0.3299873958011481,-1.0403389579020286,-0.3068737718402687
-0.45508382082950893,-1.2615347178344218,0.3736919510893164
-0.4487458751692679,-0.597947438037242,1.1275438810992033
-0.2876692441533224,-1.5380294177499132,-1.5917887960797112
-0.4479214732564786,-0.8191431979696353,1.4491429455049012
-0.4853980524437053,-0.04495803820625905,-0.27711594607528284
-0.22782724950045039,0.7845260615402155,0.21728543241605383
-0.3675189473438937,-0.4320506180879472,0.4839916118775886
1.1747451315334063,-0.15555591817245565,-0.24936356278504682
-0.659166590501847,1.1163197014388053,1.2506484270473832
0.545009047364338,0.508031361624724,0.2788892765485884
0.7511914880078705,1.2822165213881003,-1.5857869031917822
-0.6363201198174699,-1.4274315377837166,0.288689165715968
-0.39446393491398823,-0.597947438037242,2.3515140110618287
-0.40279499527221896,0.508031361624724,0.3152932532238291
-0.5870492887078963,1.392814401354297,1.5493632854892043
-0.49816747121127686,0.7292271215571172,0.19433137932795438
-0.5520120170547271,-1.6486272977161098,1.3960111437741793
1.6998062384863775,1.4481133413373952,0.9293682308373672
0.3670365683884909,-0.04495803820625905,-0.19198267202450786
0.7883284811308223,-0.5426484980541438,-1.0852212022616115
0.16370106761472034,-0.597947438037242,0.029733806006115054
-0.5545086373781595,-1.3721325978006182,0.7754215535093919
-0.4433322463697851,-0.48734955807104546,-1.4934262383058905
-0.012929183732220769,-0.7085453180034387,1.70274010829354
-0.5664076672653938,-1.2615347178344218,1.178373825036949
0.15634228013821766,0.4527324216416257,0.5549353460303234
-0.3627829558367699,0.06563984175993755,-1.634560868685995
-0.2632124004718285,0.12093878174303586,-0.12233962883126555
0.15462207436922404,1.226917581405002,2.089485360093617
-0.042723103580885,-0.8191431979696353,-0.7043347359045108
-0.39978772477389696,-1.0403389579020286,-0.08958361867907481
0.6315640081775037,0.3974334816585274,1.3490849686833848
-0.5479271051195974,1.1716186414219036,0.5219548350188019
0.07820346499983756,0.17623772172613417,-1.5693109920296282
0.060897087905118476,1.6693091012697883,-0.38117634057647826
-0.3845595898008842,-0.9297410779358319,-0.45047810040681757
-0.11466340780271861,0.28683560169233074,-0.23248314806849057
-0.569892737528585,0.12093878174303586,1.4078561852787248
0.35481073225657433,-0.4320506180879472,-0.9106990629929925
-0.34422715287099015,1.061020761455707,0.9261164937303861
-0.442891416910026,0.7845260615402155,-0.9365879957860767
0.49369059077158245,-1.5933283577330115,1.570535363932791
-0.4836648176253343,0.5633303016078223,-0.9158854451662892
-0.5871454786765424,-0.5426484980541438,-1.0699833075397216
-0.6010885712546615,-1.5933283577330115,0.08701313646360322
0.07063213518153703,-0.21085485815555396,-0.39415612674782824
-0.5733162227644456,1.4481133413373952,0.4753278984175936
1.7058410395719734,-1.2062357778513235,-0.7722129024342367
-0.6367628816093014,-1.6486272977161098,-1.4262754555437467
1.5701627559746563,-1.0956378978851269,0.37951158755772174
-0.17704889937409504,-1.5380294177499132,-0.5693813122896796
-0.31249698537760096,1.1716186414219036,-1.0985322673925295
-0.44828054447910887,1.7246080412528866,-0.8135326815485838
-0.07121268987609607,-0.4320506180879472,0.3574544287873829
-0.2896205808565053,-0.26615379813865225,-1.361116350664945
0.5596431907395367,-1.4827304777668149,-0.03112177187672058
-0.2242219910389237,-0.7085453180034387,1.155751157150646
-0.20717176610960755,1.3375154613711986,-0.913962095545139
-0.4005503768547987,-1.3721325978006182,-0.986319470908005
-0.29724735628746823,0.23153666170923246,-0.5864200127275943
-0.12508477035828958,-0.48734955807104546,0.20413542305567714
-0.6135147853061899,0.6739281815740189,2.177543237733547
-0.580855051984627,-0.8744421379527336,-0.5673566605362932
0.1822995637884186,-0.48734955807104546,-0.4628964827561979
-0.19717365258497163,1.6140101612866902,1.0091065494796392
-0.34391078843558404,0.34213454167542906,-0.27381871756347276
-0.26662329665282575,1.1716186414219036,-0.8614841731711737
-0.1022247555632159,0.6186292415909206,-0.7565665709547438
-0.4470385081459976,-1.0403389579020286,0.10665110409443514
-0.49826028555060964,0.8951239415064121,-0.1434652893799281
-0.1847485543087817,1.0057218214726087,-0.8588514811837366
-0.532735995654816,0.6186292415909206,-0.7066095689645632
-0.065560357214232,0.3974334816585274,-1.2016186020030588
-0.6129446946733956,-0.7085453180034387,1.9971482518991313
0.4704534339397589,0.7845260615402155,-1.1108827595976796
-0.024166952382364257,0.23153666170923246,0.11346183187758804
-0.15350628790423035,-0.04495803820625905,0.6542643056126666
0.4178398621742129,-0.3767516781048489,-0.4313115215918171
1.5012612323798755,0.6186292415909206,-0.9870679689901773
0.4534452815908928,-0.04495803820625905,0.17533038747006083
-0.622689108918268,-0.9297410779358319,-1.1514695938377697
-0.5732180915973564,-1.3721325978006182,-1.0915360186596297
-0.466718947112488,-1.5380294177499132,0.62020293650546
-0.2633813646360862,-0.8191431979696353,-0.6075061017624215
0.0064486843161884085,-1.31683365781752,-1.5295125638878135
-0.4879994679306879,1.1716186414219036,1.2805012976182084
-0.18930018858148182,-0.9297410779358319,1.0244497355286961
-0.4938517827078149,-1.2062357778513235,-0.20109322617846825
-0.4637508221708897,-0.8744421379527336,-1.0181109409081777
-0.5869630497459416,-0.5426484980541438,0.22224833250070758
-0.5239121346154335,0.23153666170923246,0.2957912932941472
-0.5812306875347304,-1.5933283577330115,0.39144468027023066
-0.5323464418278998,-0.21085485815555396,0.511471196466944
0.49917937796584566,-1.5933283577330115,-0.8157939885053463
-0.5281600510861117,0.23153666170923246,0.3273699141675955
-0.2632124004718285,-0.7085453180034387,-1.3084046945049448
-0.010260343978782078,-0.9297410779358319,-0.09669049941608977
-0.19026282693089772,-0.597947438037242,0.6857637426713268
-0.5128876537887948,-0.7085453180034387,0.5015088711475717
0.14569153460268816,-1.1509368378682252,-0.17747431207078143
-0.45554434146224887,-0.32145273812175057,-0.5515758554188176
-0.2205956472633168,-1.5933283577330115,-0.3163999777068738
-0.2632124004718285,-0.32145273812175057,-0.8040773798842402
-0.3122513656726564,1.6693091012697883,-0.9789102829191052
0.6183564183825166,1.2822165213881003,0.4982308180014122
-0.4834257065968589,0.12093878174303586,-1.2770255506421573
-0.28856394852033146,0.28683560169233074,-1.5748745890572968
1.7444725793668676,0.01034090177683925,-0.2789965093630996
-0.4671946969999351,-0.9297410779358319,-0.553571987817723
1.8479359155888073,-1.6486272977161098,-0.17428858884501178
0.15192198941614196,0.8398250015233139,-0.7553634380412477
-0.4524572012947736,-0.8191431979696353,0.8174112182816344
0.09093550850333654,1.2822165213881003,0.07788663511212844
0.4066831409978819,0.8398250015233139,-0.8005873701086429
0.08271997464632737,1.6693091012697883,-0.9057903648438277
-0.6022674832540862,1.1716186414219036,0.3928988618454941
-0.48827849361522485,-1.5380294177499132,-0.03170089946448922
-0.3651167385438881,0.23153666170923246,-0.10389805121209321
-0.30402816230499846,0.5633303016078223,0.12247935970216478
0.08184305205162369,-1.3721325978006182,0.3093492042061302
-0.19380439326904264,-0.32145273812175057,-0.8004953604670795
-0.5794652530967167,-0.9850400179189303,-0.7565061003690319
-0.08279102020124096,1.226917581405002,-0.9391896912037822
0.07411323366655273,0.17623772172613417,-0.4873824953687056
0.03634877787190877,-1.2615347178344218,0.10535308581772403
0.5318501251727321,-0.5426484980541438,0.12156369900388496
0.2649234951572324,0.17623772172613417,-1.4944026413872493
-0.0330196112343536,-1.4827304777668149,2.24698420733627
-0.3023842987120492,-0.32145273812175057,1.2012481583594008
-0.6097380860941867,-0.8744421379527336,-0.9310031876989027
-0.05211008661621171,-1.4827304777668149,-0.6889157023269252
-0.1787487293715424,0.7845260615402155,0.6137255763039678
-0.14512429031474147,1.6140101612866902,0.720794617353581
-0.5728918723257224,-1.0403389579020286,0.6746183773127089
-0.5479261517510468,0.06563984175993755,-0.5683535961199097
0.4985988646303558,0.06563984175993755,0.3321710154836743
-0.29038566800079424,-0.15555591817245565,1.5526919038055969
0.13014971943945772,-0.9850400179189303,-0.32447717639714674
-0.2624336713771235,0.01034090177683925,0.12303013224102247
-0.2618208029542856,-0.9297410779358319,0.9936833920503558
0.36978998206368013,-0.597947438037242,-1.3747458612333192
-0.44124640232057943,-0.7085453180034387,-0.2850278186905053
-0.2325510322651217,-0.10025697818935736,0.8252345435524927
-0.427593738174963,1.6140101612866902,-0.9873464501098222
-0.4202474299995912,-1.3721325978006182,0.9638793094771193
-0.38444583905334945,0.06563984175993755,-1.6154693987514603
-0.1713329373040096,-0.10025697818935736,0.32953032025550166
-0.43185476938396844,0.6739281815740189,1.2500364993454052
0.7651811455611032,1.7246080412528866,-0.2453067337343393
-0.5191356909687433,-1.5933283577330115,0.008816735815689479
-0.34490432204568744,1.6140101612866902,-0.5484370411481565
-0.2632124004718285,-0.4320506180879472,-0.3856454329661594
1.0714896772380862,-0.6532463780203404,-0.31567891274152077
-0.18439108136684354,0.01034090177683925,0.632013642320971
0.47357365025889053,1.1163197014388053,1.1831487048189222
-0.5946581949914002,-1.4274315377837166,-1.0313885883474003
-0.14757895673182617,-0.6532463780203404,0.9640191544723413
0.3195385738387377,0.17623772172613417,-0.7129921911891193
-0.23881497700260726,-1.1509368378682252,-1.4795213121090323
0.5133220900284035,-0.32145273812175057,-0.6082232337357848
-0.4415535922179803,-1.5933283577330115,0.5000410746876288
1.0064950876345071,1.7246080412528866,1.314747187478274
-0.2632124004718285,-1.0956378978851269,-1.2915295790150163
-0.4003276011483516,1.061020761455707,0.3813804460902428
-0.42318253115800314,1.6693091012697883,1.2056784082013035
1.082800719368129,0.01034090177683925,-0.34293900999687266
1.3210174483958066,1.392814401354297,0.7198285249596534
-0.4429250498782958,-0.8744421379527336,-1.4720818043453128
-0.41638284866683395,-1.2062357778513235,0.6470837566254533
-0.37600645705565156,-0.4320506180879472,-0.45791137409893456
-0.5804526583258256,-0.6532463780203404,-1.093411463381549
-0.5231568722187449,-1.2062357778513235,0.6235688447748208
-0.5366957137796508,0.23153666170923246,-0.7530643288778865
-0.49625200407226233,-0.5426484980541438,-0.5504239988433822
-0.28844254091027083,-1.2062357778513235,-0.7553881125241797
-0.1650484766385808,-0.15555591817245565,0.4262091909350971
1.2634415491258248,1.7246080412528866,0.9681261953187452
-0.5358153414634845,0.8398250015233139,-1.1602574386539182
0.41964605859437587,1.1163197014388053,-0.9973558874771485
-0.354093601868181,-1.31683365781752,-0.18412188403333174
-0.2943098668775058,-0.8191431979696353,0.3526393425404754
0.1246990997656017,-0.8191431979696353,-0.7882790179686003
-0.5536584985221282,1.6140101612866902,-0.42163258167078904
-0.08145001074630831,0.12093878174303586,-1.4084256469693668
-0.1993367375360853,-1.4827304777668149,-0.8592930303418572
-0.01084778369418513,-1.4827304777668149,0.18727592108246965
-0.13548376924316802,0.4527324216416257,-0.49336675695906285
-0.2632124004718285,0.508031361624724,0.5817678249910224
-0.46956485459874747,-0.763844257986537,-0.9208576254254192
-0.44491429637078056,0.34213454167542906,0.38433095235664094
-0.46634665530913433,0.4527324216416257,2.1903700452471244
-0.4508023179947053,1.6140101612866902,0.5063193671917046
-0.4694876261322197,1.1716186414219036,0.3622634111004051
0.6713366352734733,-0.10025697818935736,-1.0800981632664142
1.0255105007193066,1.1716186414219036,1.6665935051746694
-0.45440256706466664,0.28683560169233074,-0.4394559067058181
-0.2632124004718285,1.6140101612866902,0.8323765054362247
-0.02495155404133574,0.3974334816585274,-0.17584701568721062
-0.4500279225789156,0.4527324216416257,-0.8815365258118624
0.0913440447377513,1.061020761455707,-1.6914653917540792
-0.2632124004718285,0.34213454167542906,0.021400920410687335
-0.5974451736973597,1.1716186414219036,1.2938596818697088
1.257603984293785,1.7246080412528866,-0.4832927867978134
1.8062530249333792,1.6693091012697883,-1.7288980456488356
-0.46403613508627733,0.23153666170923246,0.36448193535748213
-0.40740145470425554,-1.31683365781752,2.9404085946829337
-0.13730715344432676,-0.21085485815555396,-0.9035344130002211
-0.10986788968106746,-0.15555591817245565,-1.4460378757641053
0.11157296121361064,-0.48734955807104546,0.1725854341668474
2.4025421098012156,-0.9297410779358319,-0.8129316728253728
-0.3414784307278209,-1.31683365781752,0.05375426006234542
-0.5020237607562418,0.34213454167542906,-0.581373381163235
-0.5841515188762239,1.6693091012697883,-0.6202508418465139
-0.48903606113293435,-0.48734955807104546,-1.0030352665513127
-0.28781896750822794,-1.4274315377837166,-0.47746968270568907
1.8029627396753825,1.7246080412528866,0.8673421662007166
-0.4416332710225575,1.3375154613711986,-1.505891629864069
-0.1704769199636853,-1.5933283577330115,0.8030664085833377
-0.2810715593213349,1.7246080412528866,0.972648281888032
0.670489437735555,-0.21085485815555396,0.9269357406557337
-0.2632124004718285,-0.5426484980541438,1.6382218722935546
-0.44488308483199496,1.2822165213881003,-0.9201087900760738
-0.4345827597192279,0.3974334816585274,-0.9238882930121793
0.4879733107281367,-0.8744421379527336,0.01687713275908672
0.13046966189588005,-0.5426484980541438,-0.6309063878605753
1.936332941553356,-1.1509368378682252,0.8262585318382544
0.05405522881748829,-0.4320506180879472,-1.3939006206323563
-0.3993041741471486,1.5034122813204935,1.8042996313922535
0.05906624592932621,1.392814401354297,-0.1916555645356131
0.5664029437893624,0.4527324216416257,0.6880063725790877
0.2521966697280323,-1.4274315377837166,-1.0065762696417913
-0.0007298943793120492,-1.6486272977161098,0.8201158671823264
0.5147581725713056,-0.9850400179189303,-0.6599329906006098
0.6447841786321137,-0.5426484980541438,1.514378433879286
0.9610345250766142,-0.26615379813865225,-0.7647495877618569
0.1037443510382981,1.061020761455707,-0.03373254869553425
-0.3380517485339554,0.7845260615402155,-1.259130328511027
-0.20889532809836397,-0.5426484980541438,-1.3481139718084039
0.6953308555760687,1.226917581405002,-0.13684858897732563
-0.5054652089257973,-0.7085453180034387,-0.9880845734450945
-0.08973023711577295,0.34213454167542906,-1.3727508848907277
-0.40898101557409283,0.7845260615402155,1.0294004696360932
-0.2622519838735399,0.06563984175993755,1.229445011870732
-0.2632124004718285,0.28683560169233074,0.21331872656985587
-0.1871332788782515,-0.763844257986537,0.48472309655199874
-0.2546457381654066,0.23153666170923246,0.7713579619799733
-0.5821027957043455,1.0057218214726087,0.3519399542087611
0.1849063677752646,1.6140101612866902,-0.8442891799140136
0.10119326693905045,-1.0956378978851269,1.1464031012432594
2.9137315696850927,-0.5426484980541438,0.19462128003096119
-0.3840218759321163,1.1716186414219036,-1.4054365489001668
-0.17287325656317298,1.3375154613711986,0.37617991670648765
-0.2632124004718285,1.226917581405002,-0.13715637160036695
1.316764285648322,-0.26615379813865225,0.5490883422636019
-0.31196374579238023,1.7246080412528866,-0.5912714408432589
-0.14106583028552466,-1.4827304777668149,-0.8502539431309554
0.07206543096762519,0.17623772172613417,-1.428595463241024
-0.18937885994599846,1.1716186414219036,0.37943063367101054
-0.4234293513864671,0.9504228814895104,-0.575710783571424
-0.1856318060311361,1.6140101612866902,-0.3962689251156293
0.5231577483700165,-0.7085453180034387,-0.09931586972386253
-0.5400521681200663,0.508031361624724,0.2481188257850458
-0.21544046141249687,0.23153666170923246,-0.08630162299033037
-0.48279845024467155,0.5633303016078223,-0.9796121030867087
0.6795607058074236,-0.10025697818935736,0.7705186873011637
-0.5981195624877077,1.1716186414219036,-0.4287841223351691
-0.2632124004718285,-0.10025697818935736,-1.568874425569946
-0.08459663444346123,0.3974334816585274,0.9095999033205532
1.2929863767161325,0.6186292415909206,-0.4369287490334966
-0.30067613041458413,-0.5426484980541438,-0.12343607661879241
-0.4507363556047539,0.6186292415909206,0.752801714440072
2.0283295914350163,-0.9850400179189303,1.2360161474816103
-0.59107189870434,1.0057218214726087,-0.08892813407411207
-0.6424578817493426,0.5633303016078223,0.47722029709520236
-0.2632124004718285,-0.763844257986537,-1.180217853314447
-0.4377644037139564,1.392814401354297,-0.889778864981732
-0.5392664897916445,-1.2062357778513235,-1.0808644808821553
-0.2632124004718285,0.5633303016078223,1.720007046699772
-0.16000758865946907,-1.6486272977161098,0.04428922125849059
-0.45283718836774306,-1.5933283577330115,-1.2932059135614065
-0.5733018426493659,1.6140101612866902,-1.7784422122556836
0.30237668938207785,0.9504228814895104,0.42892252219576765
0.10492653831609314,-0.10025697818935736,-0.041747076182442805
-0.31342158369206463,0.12093878174303586,-0.1297126620899206
1.9361483519246052,-1.1509368378682252,-0.8588519621725315
-0.5463765014353427,1.061020761455707,-0.5488557372940561
-0.5983303979682035,1.5034122813204935,-0.4047689236031479
-0.48110300642214776,1.6140101612866902,0.5323681462347267
-0.29277876878261555,0.508031361624724,1.1437455672523291
-0.1602512576158001,-0.5426484980541438,1.7205084280759493
-0.36307934032088973,-0.15555591817245565,0.6971422641160024
-0.09959654775613186,-1.0956378978851269,-1.1870027597945572
-0.5699431896341985,1.3375154613711986,0.8995704519621778
1.0658437584722538,0.17623772172613417,-1.5552890426426433
-0.30698317195047636,-1.2615347178344218,-0.9670430382628481
0.5772309125983589,1.5587112213035919,-0.10355317325509612
-0.10506449540570656,-0.48734955807104546,-0.5283533157103375
-0.034608181049057996,-1.2615347178344218,-0.5207727981008332
0.04361558931652747,1.0057218214726087,0.36600701624424936
-0.040494775794537086,-0.8744421379527336,1.4390734595495507
0.09901589580482056,-0.763844257986537,-1.0601025261042636
0.8758810177845605,1.6140101612866902,-0.4964224848790901
-0.1844080189610235,-0.4320506180879472,0.05779560222542033
0.15297457233467918,-0.3767516781048489,0.00025540815082270577
-0.2632124004718285,0.7845260615402155,0.08934135778966822
1.0594570317451417,-0.6532463780203404,-1.218374782219507
-0.4778616704293171,-1.4274315377837166,-1.7103450768912847
1.8189148406938713,0.06563984175993755,0.7252679237745289
-0.29062551292334005,0.7292271215571172,0.2085872729737888
-0.589379664961787,-1.6486272977161098,-0.6441933600996278
-0.21773590701909007,-0.4320506180879472,0.844827527875366
-0.4788403265031949,0.34213454167542906,0.8019699890117503
0.27135269012421626,-1.2615347178344218,-1.2057238783538664
-0.47279776467667,-0.9850400179189303,-0.26361403358331253
-0.2632124004718285,-1.2615347178344218,1.087111219824423
-0.625810101416541,1.4481133413373952,0.25284035668238364
-0.4249808413282734,-0.4320506180879472,-0.8835672718994317
-0.6517156463409274,0.6739281815740189,1.8519889020445357
-0.6034374896999011,-1.6486272977161098,0.04427606144772222
0.1973612101807516,0.7845260615402155,-0.4154959468055425
0.22013434308316784,1.1163197014388053,1.6448137730670125
-0.05475193983470598,-0.3767516781048489,1.2003307023180934
-0.5309518886716725,0.23153666170923246,0.34342004663711545
-0.2936186894366148,-0.3767516781048489,-0.6080751013541439
-0.27581594244745455,-0.763844257986537,0.39994290489157375
-0.5583762013131865,-1.4274315377837166,-1.0830972189363801
1.1736374775554939,-0.597947438037242,0.3189394286479537
0.3072483125245423,-0.5426484980541438,-0.8709337045870849
-0.35641733280811344,0.508031361624724,0.08807387672258171
-0.26304343630757077,1.5034122813204935,0.9927354001803449
-0.17839434226162312,0.01034090177683925,1.4940087330681502
-0.6346453834304515,0.8398250015233139,0.3451631183868718
-0.36500640089697356,0.28683560169233074,0.4206777818061586
-0.4790356617435194,-1.0956378978851269,0.8941136409637614
-0.5363128407917965,1.1716186414219036,0.4199170021694073
-0.3757926131601661,-0.8744421379527336,1.042466819685941
1.8107695574345646,-0.6532463780203404,1.018595025842322
0.09753703841587029,-1.31683365781752,-0.8706420045107695
-0.45450379166400123,1.1163197014388053,-0.8519456502721878
0.04567946287186714,-0.15555591817245565,-1.249981433559296
